{"cameraMode":{"drawMode":0,"name":"Shaded","section":"Shading Mode"},"sceneLighting":false,"audioPlay":false,"sceneViewState":{"m_AlwaysRefresh":false,"showFog":true,"showSkybox":false,"showFlares":true,"showImageEffects":true,"showParticleSystems":true,"showVisualEffectGraphs":true,"m_FxEnabled":false},"in2DMode":false,"pivot":{"x":-0.8445561528205872,"y":-4.1745805740356449,"z":8.86278247833252},"rotation":{"x":0.19522999227046967,"y":-0.008826270699501038,"z":0.0017568704206496478,"w":0.9807167649269104},"size":11.082079887390137,"orthographic":false}