{"cameraMode":{"drawMode":0,"name":"Shaded","section":"Shading Mode"},"sceneLighting":false,"audioPlay":false,"sceneViewState":{"m_AlwaysRefresh":false,"showFog":true,"showSkybox":false,"showFlares":true,"showImageEffects":true,"showParticleSystems":true,"showVisualEffectGraphs":true,"m_FxEnabled":false},"in2DMode":false,"pivot":{"x":27.03777313232422,"y":-15.00722885131836,"z":-0.39089298248291018},"rotation":{"x":0.04319525510072708,"y":-0.9226353764533997,"z":-0.10845041275024414,"w":-0.36766326427459719},"size":11.082079887390137,"orthographic":false}