{"cameraMode":{"drawMode":0,"name":"Shaded","section":"Shading Mode"},"sceneLighting":false,"audioPlay":false,"sceneViewState":{"m_AlwaysRefresh":false,"showFog":true,"showSkybox":false,"showFlares":true,"showImageEffects":true,"showParticleSystems":true,"showVisualEffectGraphs":true,"m_FxEnabled":false},"in2DMode":false,"pivot":{"x":2.0799543857574465,"y":0.4768781065940857,"z":-1.7410595417022706},"rotation":{"x":-0.00017312999989371747,"y":-0.9998334050178528,"z":0.011998583562672139,"w":-0.014387349598109723},"size":2.326136350631714,"orthographic":false}