{"cameraMode":{"drawMode":0,"name":"Shaded","section":"Shading Mode"},"sceneLighting":false,"audioPlay":false,"sceneViewState":{"m_AlwaysRefresh":false,"showFog":true,"showSkybox":false,"showFlares":true,"showImageEffects":true,"showParticleSystems":true,"showVisualEffectGraphs":true,"m_FxEnabled":false},"in2DMode":false,"pivot":{"x":-3.7363176345825197,"y":-6.087824821472168,"z":-0.5898317694664002},"rotation":{"x":0.09135232865810394,"y":-0.02091103047132492,"z":0.001918379683047533,"w":0.9955978989601135},"size":1.8001645803451539,"orthographic":false}