{"cameraMode":{"drawMode":0,"name":"Shaded","section":"Shading Mode"},"sceneLighting":false,"audioPlay":false,"sceneViewState":{"m_AlwaysRefresh":false,"showFog":true,"showSkybox":false,"showFlares":true,"showImageEffects":true,"showParticleSystems":true,"showVisualEffectGraphs":true,"m_FxEnabled":false},"in2DMode":false,"pivot":{"x":-3.7443125247955324,"y":-1.4973416328430176,"z":0.25493133068084719},"rotation":{"x":0.3367539346218109,"y":-0.01271142065525055,"z":0.004546260926872492,"w":0.9414958953857422},"size":1.8001645803451539,"orthographic":false}