{"cameraMode":{"drawMode":0,"name":"Shaded","section":"Shading Mode"},"sceneLighting":true,"audioPlay":false,"sceneViewState":{"m_AlwaysRefresh":false,"showFog":true,"showSkybox":true,"showFlares":true,"showImageEffects":true,"showParticleSystems":true,"showVisualEffectGraphs":true,"m_FxEnabled":false},"in2DMode":false,"pivot":{"x":5.057933807373047,"y":-6.75217342376709,"z":-0.13489151000976563},"rotation":{"x":0.020978394895792009,"y":0.04347651079297066,"z":-0.0009133248240686953,"w":0.998832643032074},"size":13.264430046081543,"orthographic":false}