{"cameraMode":{"drawMode":0,"name":"Shaded","section":"Shading Mode"},"sceneLighting":true,"audioPlay":false,"sceneViewState":{"m_AlwaysRefresh":false,"showFog":true,"showSkybox":true,"showFlares":true,"showImageEffects":true,"showParticleSystems":true,"showVisualEffectGraphs":true,"m_FxEnabled":false},"in2DMode":false,"pivot":{"x":56.49292755126953,"y":-18.081401824951173,"z":-6.550629615783691},"rotation":{"x":-0.07919109612703324,"y":-0.07622938603162766,"z":0.006026072893291712,"w":-0.9939746260643005},"size":25.321056365966798,"orthographic":false}