{"cameraMode":{"drawMode":0,"name":"Shaded","section":"Shading Mode"},"sceneLighting":true,"audioPlay":false,"sceneViewState":{"m_AlwaysRefresh":false,"showFog":true,"showSkybox":true,"showFlares":true,"showImageEffects":true,"showParticleSystems":true,"showVisualEffectGraphs":true,"m_FxEnabled":false},"in2DMode":false,"pivot":{"x":857.0967407226563,"y":435.6220703125,"z":-1016.8606567382813},"rotation":{"x":0.03599438816308975,"y":-0.010533284395933152,"z":-0.00037492933915928006,"w":-0.9993941783905029},"size":18.876644134521486,"orthographic":false}