{"cameraMode":{"drawMode":0,"name":"Shaded","section":"Shading Mode"},"sceneLighting":true,"audioPlay":false,"sceneViewState":{"m_AlwaysRefresh":false,"showFog":true,"showSkybox":true,"showFlares":true,"showImageEffects":true,"showParticleSystems":true,"showVisualEffectGraphs":true,"m_FxEnabled":false},"in2DMode":false,"pivot":{"x":-4.82133674621582,"y":-2.7823352813720705,"z":-7.515569686889648},"rotation":{"x":0.17755497992038728,"y":-0.0000012808723113266752,"z":-0.0000025047941107914086,"w":0.9841179251670837},"size":12.12435531616211,"orthographic":false}