{"cameraMode":{"drawMode":0,"name":"Shaded","section":"Shading Mode"},"sceneLighting":true,"audioPlay":false,"sceneViewState":{"m_AlwaysRefresh":false,"showFog":true,"showSkybox":true,"showFlares":true,"showImageEffects":true,"showParticleSystems":true,"showVisualEffectGraphs":true,"m_FxEnabled":false},"in2DMode":false,"pivot":{"x":47.18983840942383,"y":-12.654304504394532,"z":19.404699325561525},"rotation":{"x":-0.16571791470050813,"y":0.017710436135530473,"z":-0.003000557655468583,"w":-0.9860923290252686},"size":18.17395782470703,"orthographic":false}