{"cameraMode":{"drawMode":0,"name":"Shaded","section":"Shading Mode"},"sceneLighting":true,"audioPlay":false,"sceneViewState":{"m_AlwaysRefresh":false,"showFog":true,"showSkybox":true,"showFlares":true,"showImageEffects":true,"showParticleSystems":true,"showVisualEffectGraphs":true,"m_FxEnabled":false},"in2DMode":false,"pivot":{"x":3.446319341659546,"y":0.8869547247886658,"z":-22.079387664794923},"rotation":{"x":-0.10777845978736878,"y":0.015186277218163014,"z":-0.0016585998237133027,"w":-0.994071364402771},"size":12.12435531616211,"orthographic":false}