{"cameraMode":{"drawMode":0,"name":"Shaded","section":"Shading Mode"},"sceneLighting":false,"audioPlay":false,"sceneViewState":{"m_AlwaysRefresh":false,"showFog":true,"showSkybox":false,"showFlares":true,"showImageEffects":true,"showParticleSystems":true,"showVisualEffectGraphs":true,"m_FxEnabled":false},"in2DMode":false,"pivot":{"x":-1.0756640434265137,"y":0.8123651742935181,"z":5.305829048156738},"rotation":{"x":-0.2492443472146988,"y":0.22974509000778199,"z":0.060995399951934817,"w":0.9388228058815002},"size":5.6595964431762699,"orthographic":false}