{"cameraMode":{"drawMode":0,"name":"Shaded","section":"Shading Mode"},"sceneLighting":false,"audioPlay":false,"sceneViewState":{"m_AlwaysRefresh":false,"showFog":true,"showSkybox":false,"showFlares":true,"showImageEffects":true,"showParticleSystems":true,"showVisualEffectGraphs":true,"m_FxEnabled":false},"in2DMode":false,"pivot":{"x":0.14609694480895997,"y":-4.366091251373291,"z":-2.985166549682617},"rotation":{"x":0.0928163230419159,"y":-0.03285153955221176,"z":0.0030649611726403238,"w":0.9951459765434265},"size":0.4356226921081543,"orthographic":false}