{"cameraMode":{"drawMode":0,"name":"Shaded","section":"Shading Mode"},"sceneLighting":false,"audioPlay":false,"sceneViewState":{"m_AlwaysRefresh":false,"showFog":true,"showSkybox":false,"showFlares":true,"showImageEffects":true,"showParticleSystems":true,"showVisualEffectGraphs":true,"m_FxEnabled":false},"in2DMode":false,"pivot":{"x":-0.9111929535865784,"y":0.7021561861038208,"z":3.107020854949951},"rotation":{"x":0.000503701448906213,"y":0.9978993535041809,"z":-0.06445393711328507,"w":0.007779380772262812},"size":0.4356226921081543,"orthographic":false}