{"cameraMode":{"drawMode":0,"name":"Shaded","section":"Shading Mode"},"sceneLighting":false,"audioPlay":false,"sceneViewState":{"m_AlwaysRefresh":false,"showFog":true,"showSkybox":false,"showFlares":true,"showImageEffects":true,"showParticleSystems":true,"showVisualEffectGraphs":true,"m_FxEnabled":true},"in2DMode":false,"pivot":{"x":5.53364896774292,"y":0.8222802877426148,"z":-13.611810684204102},"rotation":{"x":0.1385405957698822,"y":0.10672485083341599,"z":-0.015094203874468804,"w":0.9845091700553894},"size":1.5647560358047486,"orthographic":false}