{"cameraMode":{"drawMode":0,"name":"Shaded","section":"Shading Mode"},"sceneLighting":false,"audioPlay":false,"sceneViewState":{"m_AlwaysRefresh":false,"showFog":true,"showSkybox":false,"showFlares":true,"showImageEffects":true,"showParticleSystems":true,"showVisualEffectGraphs":true,"m_FxEnabled":true},"in2DMode":false,"pivot":{"x":0.9418469667434692,"y":-0.10278499126434326,"z":-10.549315452575684},"rotation":{"x":0.050388503819704059,"y":-0.6489191055297852,"z":0.04303460568189621,"w":0.7580137848854065},"size":5.608142852783203,"orthographic":false}