{"cameraMode":{"drawMode":0,"name":"Shaded","section":"Shading Mode"},"sceneLighting":false,"audioPlay":false,"sceneViewState":{"m_AlwaysRefresh":false,"showFog":true,"showSkybox":false,"showFlares":true,"showImageEffects":true,"showParticleSystems":true,"showVisualEffectGraphs":true,"m_FxEnabled":false},"in2DMode":false,"pivot":{"x":9.225787162780762,"y":-8.160999298095704,"z":15.727984428405762},"rotation":{"x":-0.06391158699989319,"y":-0.12958940863609315,"z":0.008360595442354679,"w":-0.9894880652427673},"size":13.756503105163575,"orthographic":false}