{"cameraMode":{"drawMode":0,"name":"Shaded","section":"Shading Mode"},"sceneLighting":false,"audioPlay":false,"sceneViewState":{"m_AlwaysRefresh":false,"showFog":true,"showSkybox":false,"showFlares":true,"showImageEffects":true,"showParticleSystems":true,"showVisualEffectGraphs":true,"m_FxEnabled":false},"in2DMode":false,"pivot":{"x":10.483209609985352,"y":0.27775898575782778,"z":-4.30448055267334},"rotation":{"x":0.13148826360702516,"y":-0.04428078606724739,"z":0.005887127481400967,"w":0.9903385639190674},"size":8.19775104522705,"orthographic":false}