{"cameraMode":{"drawMode":0,"name":"Shaded","section":"Shading Mode"},"sceneLighting":false,"audioPlay":false,"sceneViewState":{"m_AlwaysRefresh":false,"showFog":true,"showSkybox":false,"showFlares":true,"showImageEffects":true,"showParticleSystems":true,"showVisualEffectGraphs":true,"m_FxEnabled":false},"in2DMode":false,"pivot":{"x":3.5337934494018556,"y":16.710086822509767,"z":-25.810466766357423},"rotation":{"x":0.15388613939285279,"y":-0.007095739711076021,"z":0.0011210909578949214,"w":0.988094687461853},"size":8.19775104522705,"orthographic":false}